case,condition,all_valid,returned_utf8_bytes,evidence_hash_calls,evidence_bytes_hashed,artifact_disk_bytes_including_catalog,local_ms,returned_bytes_reduction_vs_full_pct,returned_bytes_reduction_vs_targeted_pct
repetitive,baseline-full,True,39803,24,649440,81180,71.09219999983907,0.0,-636.6833240792153
repetitive,baseline-targeted,True,5403,24,649440,81180,63.56440007220954,86.42564630806723,0.0
repetitive,S,True,40290,24,649440,60420,145.25639999192208,-1.223525864884567,-645.6968350916158
repetitive,C,True,13076,24,649440,141195,107.51539992634207,67.14820490917771,-142.01369609476217
repetitive,Q,True,13071,24,649440,141195,106.96789994835854,67.16076677637363,-141.9211549139367
repetitive,H,True,39803,1,27060,81180,51.53150006663054,0.0,-636.6833240792153
repetitive,R,True,32349,24,649440,81180,69.56149998586625,18.727231615707364,-498.7229317046085
repetitive,U,True,39958,24,649440,113948,103.19330007769167,-0.38941788307413905,-639.5521006848047
repetitive,S+C,True,13563,24,649440,60420,142.63410004787147,65.92467904429314,-151.0272071071627
repetitive,S+Q,True,13558,24,649440,60421,135.86009992286563,65.93724091148908,-150.93466592633723
repetitive,S+H,True,40290,1,27060,60422,133.6198999779299,-1.223525864884567,-645.6968350916158
repetitive,S+R,True,32836,24,649440,60421,138.8845999026671,17.503705750822807,-507.7364427170091
repetitive,S+U,True,40445,24,649440,60420,162.04650001600385,-1.612943747958706,-648.5656116972052
repetitive,C+Q,True,13071,24,649440,141195,110.94749998301268,67.16076677637363,-141.9211549139367
repetitive,C+H,True,13076,1,27060,141195,97.03970002010465,67.14820490917771,-142.01369609476217
repetitive,C+R,True,5622,24,649440,141195,107.47679998166859,85.87543652488506,-4.053303720155466
repetitive,C+U,True,13231,24,649440,141194,117.4527999246493,66.75878702610356,-144.88247270035166
repetitive,Q+H,True,13071,1,27060,141195,87.00390008743852,67.16076677637363,-141.9211549139367
repetitive,Q+R,True,5617,24,649440,141195,115.00299989711493,85.887998392081,-3.9607625393299983
repetitive,Q+U,True,13226,24,649440,141195,122.5795999635011,66.7713488932995,-144.7899315195262
repetitive,H+R,True,32349,1,27060,81180,46.67760001029819,18.727231615707364,-498.7229317046085
repetitive,H+U,True,39958,1,27060,113948,83.99940002709627,-0.38941788307413905,-639.5521006848047
repetitive,R+U,True,32504,24,649440,113948,94.81259994208813,18.337813732633222,-501.59170831019804
repetitive,S+C+Q,True,13558,24,649440,60421,139.72580002155155,65.93724091148908,-150.93466592633723
repetitive,S+H+R,True,32836,1,27060,60421,123.13369999174029,17.503705750822807,-507.7364427170091
repetitive,C+Q+R,True,5617,24,649440,141195,106.49629996623844,85.887998392081,-3.9607625393299983
repetitive,H+R+U,True,32504,1,27060,113948,79.97910003177822,18.337813732633222,-501.59170831019804
repetitive,S+C+Q+H+R+U,True,6259,1,27060,60421,140.81540005281568,84.2750546441223,-15.843050157320015
repetitive,adaptive-native,True,5403,1,27060,81180,51.51669995393604,86.42564630806723,0.0
unique,baseline-full,True,67175,24,1306368,163296,72.86700000986457,0.0,-1143.2907643901538
unique,baseline-targeted,True,5403,24,1306368,163296,79.33209999464452,91.9568291775214,0.0
unique,S,True,67662,24,1306368,87794,134.67749999836087,-0.724972087830289,-1152.3042754025541
unique,C,True,67175,24,1306368,250683,110.54799996782094,0.0,-1143.2907643901538
unique,Q,True,13071,24,1306368,250683,108.13069995492697,80.54186825455899,-141.9211549139367
unique,H,True,67175,1,54432,163296,51.68909998610616,0.0,-1143.2907643901538
unique,R,True,59721,24,1306368,163296,78.02879996597767,11.096390026051361,-1005.3303720155469
unique,U,True,67330,24,1306368,196064,98.24840002693236,-0.23074060290286802,-1146.159540995743
unique,S+C,True,67662,24,1306368,87794,151.948899962008,-0.724972087830289,-1152.3042754025541
unique,S+Q,True,13558,24,1306368,87794,142.91519997641444,79.8168961667287,-150.93466592633723
unique,S+H,True,67662,1,54432,87793,129.95940004475415,-0.724972087830289,-1152.3042754025541
unique,S+R,True,60208,24,1306368,87792,140.7130000879988,10.371417938221061,-1014.3438830279475
unique,S+U,True,67817,24,1306368,87793,159.87710002809763,-0.955712690733157,-1155.1730520081437
unique,C+Q,True,13071,24,1306368,250683,118.55209991335869,80.54186825455899,-141.9211549139367
unique,C+H,True,67175,1,54432,250683,96.82830004021525,0.0,-1143.2907643901538
unique,C+R,True,59721,24,1306368,250683,130.95889997202903,11.096390026051361,-1005.3303720155469
unique,C+U,True,67330,24,1306368,250683,136.91260002087802,-0.23074060290286802,-1146.159540995743
unique,Q+H,True,13071,1,54432,250683,97.95640001539141,80.54186825455899,-141.9211549139367
unique,Q+R,True,5617,24,1306368,250683,103.4342999337241,91.63825828061034,-3.9607625393299983
unique,Q+U,True,13226,24,1306368,250683,121.6874000383541,80.31112765165612,-144.7899315195262
unique,H+R,True,59721,1,54432,163296,62.256300006993115,11.096390026051361,-1005.3303720155469
unique,H+U,True,67330,1,54432,196064,77.71830004639924,-0.23074060290286802,-1146.159540995743
unique,R+U,True,59876,24,1306368,196064,94.39599991310388,10.865649423148493,-1008.1991486211365
unique,S+C+Q,True,13558,24,1306368,87793,154.0353000164032,79.8168961667287,-150.93466592633723
unique,S+H+R,True,60208,1,54432,87793,124.91720006801188,10.371417938221061,-1014.3438830279475
unique,C+Q+R,True,5617,24,1306368,250683,112.29429999366403,91.63825828061034,-3.9607625393299983
unique,H+R+U,True,59876,1,54432,196064,75.6485000019893,10.865649423148493,-1008.1991486211365
unique,S+C+Q+H+R+U,True,6259,1,54432,87793,139.6886999718845,90.68254558987718,-15.843050157320015
unique,adaptive-native,True,5403,1,54432,163296,56.5871000289917,91.9568291775214,0.0
unicode,baseline-full,True,60881,24,1155312,144414,67.18020001426339,0.0,-1026.7999259670553
unicode,baseline-targeted,True,5403,24,1155312,144414,74.5516000315547,91.12531003104417,0.0
unicode,S,True,61368,24,1155312,81499,143.02660000976175,-0.7999211576682486,-1035.813436979456
unicode,C,True,60881,24,1155312,225507,106.76910006441176,0.0,-1026.7999259670553
unicode,Q,True,13071,24,1155312,225507,109.03809999581426,78.53024753207076,-141.9211549139367
unicode,H,True,60881,1,48138,144414,47.93780006002635,0.0,-1026.7999259670553
unicode,R,True,53427,24,1155312,144414,63.83929995354265,12.24355710320133,-888.8395335924486
unicode,U,True,61036,24,1155312,177182,92.61170006357133,-0.2545950296479971,-1029.6687025726449
unicode,S+C,True,61368,24,1155312,81498,130.23730006534606,-0.7999211576682486,-1035.813436979456
unicode,S+Q,True,13558,24,1155312,81499,138.02770001348108,77.73032637440252,-150.93466592633723
unicode,S+H,True,61368,1,48138,81500,125.18690002616495,-0.7999211576682486,-1035.813436979456
unicode,S+R,True,53914,24,1155312,81500,145.16429998911917,11.443635945533092,-897.8530446048492
unicode,S+U,True,61523,24,1155312,81499,153.51500001270324,-1.0545161873162456,-1038.6822135850452
unicode,C+Q,True,13071,24,1155312,225506,94.37249996699393,78.53024753207076,-141.9211549139367
unicode,C+H,True,60881,1,48138,225506,87.77159999590367,0.0,-1026.7999259670553
unicode,C+R,True,53427,24,1155312,225507,99.1111999610439,12.24355710320133,-888.8395335924486
unicode,C+U,True,61036,24,1155312,225507,117.00050008948892,-0.2545950296479971,-1029.6687025726449
unicode,Q+H,True,13071,1,48138,225507,87.42799994070083,78.53024753207076,-141.9211549139367
unicode,Q+R,True,5617,24,1155312,225507,105.42560007888824,90.77380463527209,-3.9607625393299983
unicode,Q+U,True,13226,24,1155312,225507,128.71970003470778,78.27565250242276,-144.7899315195262
unicode,H+R,True,53427,1,48138,144414,56.54530005995184,12.24355710320133,-888.8395335924486
unicode,H+U,True,61036,1,48138,177182,77.34109996818006,-0.2545950296479971,-1029.6687025726449
unicode,R+U,True,53582,24,1155312,177182,95.50129994750023,11.988962073553322,-891.7083101980381
unicode,S+C+Q,True,13558,24,1155312,81500,145.3662000130862,77.73032637440252,-150.93466592633723
unicode,S+H+R,True,53914,1,48138,81499,108.9395999442786,11.443635945533092,-897.8530446048492
unicode,C+Q+R,True,5617,24,1155312,225507,109.88190001808107,90.77380463527209,-3.9607625393299983
unicode,H+R+U,True,53582,1,48138,177182,76.64380001369864,11.988962073553322,-891.7083101980381
unicode,S+C+Q+H+R+U,True,6259,1,48138,81499,143.54840002488345,89.71928844795585,-15.843050157320015
unicode,adaptive-native,True,5403,1,48138,144414,47.29720007162541,91.12531003104417,0.0
